2016 National Employment Matrix title and code,,Less than high school diploma,High school diploma or equivalent,"Some college, no degree",Associate's degree,Bachelor's degree,Master's degree,Doctoral or professional degree
"Total, all occupations",00-0000,8.6,23.8,20.9,9.5,23,10,4.2
Chief executives(1),11-1011,1.5,8.7,14.7,5.5,39.7,22.7,7.3
General and operations managers,11-1021,2.6,16.6,25.8,9.2,32.8,11.5,1.5
Legislators(1),11-1031,1.5,8.7,14.7,5.5,39.7,22.7,7.3
Advertising and promotions managers,Nov-11,0.5,5.3,11,4.5,64,11.9,2.9
Marketing managers(1),Nov-21,0.8,7.5,16.3,6.5,50.2,17.2,1.5
Sales managers(1),Nov-22,0.8,7.5,16.3,6.5,50.2,17.2,1.5
Public relations and fundraising managers,Nov-31,0.2,1.7,5.4,2.8,56.6,29.1,4.1
Administrative services managers,Nov-11,2.3,16.7,25,12.8,30.6,10.8,1.9
Computer and information systems managers,Nov-21,0.3,4,13.6,7.6,46.1,25.9,2.4
Financial managers,Nov-31,1.1,10.1,17.3,7.9,41.6,19.6,2.3
Industrial production managers,Nov-51,4.9,21.3,20.9,9.4,30.9,11.4,1.1
Purchasing managers,Nov-61,0.9,10,19,8.4,39.6,18.5,3.6
"Transportation, storage, and distribution managers",Nov-71,5.5,26.6,27.7,9.5,23.5,6.8,0.5
Compensation and benefits managers,Nov-11,0.3,7.8,9.3,8.4,53.5,20.6,0
Human resources managers,Nov-21,2.6,11.2,19,8.5,36.5,19.3,2.9
Training and development managers,Nov-31,0.3,4.4,18.7,10.9,42.4,19.9,3.4
"Farmers, ranchers, and other agricultural managers",Nov-13,12.7,33.6,19.6,9.9,20.3,3,1
Construction managers,Nov-21,7.4,25.5,23.8,8.4,28,6.1,0.9
"Education administrators, preschool and childcare center/program(1)",Nov-31,0.8,4.8,7.5,5.2,24.4,43.6,13.7
"Education administrators, elementary and secondary school(1)",Nov-32,0.8,4.8,7.5,5.2,24.4,43.6,13.7
"Education administrators, postsecondary(1)",Nov-33,0.8,4.8,7.5,5.2,24.4,43.6,13.7
"Education administrators, all other(1)",Nov-39,0.8,4.8,7.5,5.2,24.4,43.6,13.7
Architectural and engineering managers,Nov-41,0.6,3.3,7.4,4,44.7,34,6
Food service managers,Nov-51,8.9,28.7,27.4,9.5,21.3,3.6,0.7
Funeral service managers(1),Nov-61,2.9,13.4,18.6,7.6,36.1,17.8,3.6
Gaming managers,Nov-71,4.5,24.1,33.5,14.5,18,5,0.3
Lodging managers,Nov-81,3.9,15.4,26,11,33.8,8.5,1.5
Medical and health services managers,Nov-11,1.3,8,15.6,12,30.5,24.8,7.9
Natural sciences managers,Nov-21,0.3,1.2,3.1,2.3,34.3,36.6,22.4
Postmasters and mail superintendents(1),Nov-31,2.9,13.4,18.6,7.6,36.1,17.8,3.6
"Property, real estate, and community association managers",Nov-41,4.6,18.6,25.5,9,31.2,9,2.1
Social and community service managers,Nov-51,1,7.1,13,5.6,38.2,29.3,5.9
Emergency management directors,Nov-61,0,2.3,22.6,6.2,40,28.5,0.4
"Managers, all other(1)",Nov-99,2.9,13.4,18.6,7.6,36.1,17.8,3.6
"Agents and business managers of artists, performers, and athletes",13-1011,0.9,10.2,25.9,4.6,44.1,8.9,5.4
"Buyers and purchasing agents, farm products",13-1021,10.3,24.8,19.1,5.2,33.9,4.5,2.2
"Wholesale and retail buyers, except farm products",13-1022,4.3,24.8,24.9,9,31.1,4.3,1.5
"Purchasing agents, except wholesale, retail, and farm products",13-1023,1.6,17.6,24.1,10.4,36.5,9.1,0.8
"Claims adjusters, examiners, and investigators(1)",13-1031,1,13.3,23.7,12.1,40.7,6.7,2.4
"Insurance appraisers, auto damage(1)",13-1032,1,13.3,23.7,12.1,40.7,6.7,2.4
Compliance officers,13-1041,1.1,7.5,17.5,8.8,41,17.7,6.4
Cost estimators,13-1051,3,23.3,28.1,10.9,30.1,4.1,0.6
Human resources specialists(1),13-1071,1.5,9.6,18.3,8.7,43.4,16.4,2.1
Farm labor contractors(1),13-1074,1.5,9.6,18.3,8.7,43.4,16.4,2.1
Labor relations specialists(1),13-1075,1.5,9.6,18.3,8.7,43.4,16.4,2.1
Logisticians,13-1081,2.4,15.7,27,12.5,30.8,11,0.6
Management analysts,13-1111,0.6,4.6,11.5,4.8,42.3,28.6,7.7
"Meeting, convention, and event planners",13-1121,2.5,8.7,17.2,6.4,50.5,13,1.7
Fundraisers,13-1131,1,2.6,6,2.5,56.8,26.5,4.7
"Compensation, benefits, and job analysis specialists",13-1141,1.2,9.8,23.5,10.5,37.9,15.8,1.3
Training and development specialists,13-1151,1.6,12.5,21.3,9.5,34.2,18.7,2.2
Market research analysts and marketing specialists,13-1161,0.5,4,8.7,5.5,55.4,22.9,3
"Business operations specialists, all other",13-1199,1.1,9.2,17,6.7,41.2,20.7,4.1
Accountants and auditors,13-2011,0,3.9,7.2,9.1,55.4,21.5,2.8
Appraisers and assessors of real estate,13-2021,0.3,10.5,25.4,10.3,42.4,9.3,1.8
Budget analysts,13-2031,0.3,5.6,14.3,7.2,43,26.1,3.4
Credit analysts,13-2041,0.7,6.9,20.4,7.7,46.9,16.4,1.1
Financial analysts,13-2051,0.7,3.4,6.2,4,49.2,33.1,3.5
Personal financial advisors,13-2052,0.3,4.1,10.4,5.5,51,23.2,5.7
Insurance underwriters,13-2053,0.7,13.9,21.6,7.9,44,9.3,2.7
Financial examiners,13-2061,0,7,7.3,5.4,60.2,18.3,1.8
Credit counselors(1),13-2071,1.1,14,24.7,9.9,39.7,9.3,1.3
Loan officers(1),13-2072,1.1,14,24.7,9.9,39.7,9.3,1.3
"Tax examiners and collectors, and revenue agents",13-2081,0.6,14.4,21.4,9.6,41.4,12.4,0.3
Tax preparers,13-2082,0.7,11.1,19.8,10.6,36.2,16.7,4.8
"Financial specialists, all other",13-2099,2.2,13.9,19,9.8,32.9,19.3,2.9
Computer and information research scientists,15-1111,0.4,8.9,1.4,0,29.7,32,27.6
Computer systems analysts,15-1121,0.5,4.4,13.5,7.8,48,22.9,2.9
Information security analysts,15-1122,0.6,3.8,16.7,11.4,41.2,23.6,2.7
Computer programmers,15-1131,0.5,4.6,12.3,9.3,50.4,19.7,3.2
"Software developers, applications(1)",15-1132,0.3,2,7.9,4.6,50.9,30.3,4
"Software developers, systems software(1)",15-1133,0.3,2,7.9,4.6,50.9,30.3,4
Web developers,15-1134,0.8,4.1,16,9.3,53.3,14.7,1.9
Database administrators,15-1141,0.9,5.1,13.5,8.8,44,25,2.7
Network and computer systems administrators,15-1142,0.2,7.5,23.3,15,40.4,12.4,1.3
Computer network architects,15-1143,0.4,4.7,20.7,14,41.6,16.6,2
Computer user support specialists(1),15-1151,0.7,9.2,24.8,16.3,37.5,10.2,1.4
Computer network support specialists(1),15-1152,0.7,9.2,24.8,16.3,37.5,10.2,1.4
"Computer occupations, all other",15-1199,0.7,7.9,20.5,14.7,39.2,15.6,1.3
Actuaries,15-2011,0,0,2.1,1.4,62.8,23,10.7
Mathematicians(1),15-2021,0,0,4.7,1.4,30.1,42.4,21.4
Operations research analysts,15-2031,0.1,5.3,11.9,6.2,43,28.1,5.5
Statisticians(1),15-2041,0,0,4.7,1.4,30.1,42.4,21.4
Mathematical technicians(1),15-2091,0,0,4.7,1.4,30.1,42.4,21.4
"Mathematical science occupations, all other(1)",15-2099,0,0,4.7,1.4,30.1,42.4,21.4
"Architects, except landscape and naval(1)",17-1011,0.2,1.7,3.7,2.2,49.2,35.5,7.4
Landscape architects(1),17-1012,0.2,1.7,3.7,2.2,49.2,35.5,7.4
Cartographers and photogrammetrists(1),17-1021,1.5,6,8.4,3.7,69.9,8.6,1.9
Surveyors(1),17-1022,1.5,6,8.4,3.7,69.9,8.6,1.9
Aerospace engineers,17-2011,0.6,1.9,6.3,4.9,49.7,30.5,6.2
Agricultural engineers(1),17-2021,0,2.5,2.3,14.3,49.3,23.5,8.1
Biomedical engineers(1),17-2031,0,2.5,2.3,14.3,49.3,23.5,8.1
Chemical engineers,17-2041,0.3,1.8,3.1,4.2,56.9,25.8,7.9
Civil engineers,17-2051,0.4,2.9,5.7,5,56.1,25.6,4.1
Computer hardware engineers,17-2061,0.1,5.3,12.7,6.8,48.9,21.5,4.7
Electrical engineers(1),17-2071,0.7,3.4,8.9,7.6,48.9,24.8,5.7
"Electronics engineers, except computer(1)",17-2072,0.7,3.4,8.9,7.6,48.9,24.8,5.7
Environmental engineers,17-2081,0,3.6,3,2,49.7,35.9,5.9
"Health and safety engineers, except mining safety engineers and inspectors(1)",17-2111,0.5,6.7,11.4,7.4,52.5,19.4,2
Industrial engineers(1),17-2112,0.5,6.7,11.4,7.4,52.5,19.4,2
Marine engineers and naval architects,17-2121,2,5.6,9.3,9.9,52.4,19.5,1.2
Materials engineers,17-2131,0.4,6.1,10,9.3,43.1,24.1,7
Mechanical engineers,17-2141,1,3.8,8.8,10.7,52.5,19.8,3.3
"Mining and geological engineers, including mining safety engineers(1)",17-2151,0.4,5.2,7,3,51.5,26.9,6
Nuclear engineers(1),17-2161,0.4,3.4,7.9,7.3,46.5,27.3,7.2
Petroleum engineers(1),17-2171,0.4,5.2,7,3,51.5,26.9,6
"Engineers, all other(1)",17-2199,0.4,3.4,7.9,7.3,46.5,27.3,7.2
Architectural and civil drafters(1),17-3011,0.8,10.8,28.4,32.5,23.8,3.3,0.5
Electrical and electronics drafters(1),17-3012,0.8,10.8,28.4,32.5,23.8,3.3,0.5
Mechanical drafters(1),17-3013,0.8,10.8,28.4,32.5,23.8,3.3,0.5
"Drafters, all other(1)",17-3019,0.8,10.8,28.4,32.5,23.8,3.3,0.5
Aerospace engineering and operations technicians(1),17-3021,3.3,23.1,30.1,23,17.5,2.6,0.5
Civil engineering technicians(1),17-3022,3.3,23.1,30.1,23,17.5,2.6,0.5
Electrical and electronics engineering technicians(1),17-3023,3.3,23.1,30.1,23,17.5,2.6,0.5
Electro-mechanical technicians(1),17-3024,3.3,23.1,30.1,23,17.5,2.6,0.5
Environmental engineering technicians(1),17-3025,3.3,23.1,30.1,23,17.5,2.6,0.5
Industrial engineering technicians(1),17-3026,3.3,23.1,30.1,23,17.5,2.6,0.5
Mechanical engineering technicians(1),17-3027,3.3,23.1,30.1,23,17.5,2.6,0.5
"Engineering technicians, except drafters, all other(1)",17-3029,3.3,23.1,30.1,23,17.5,2.6,0.5
Surveying and mapping technicians,17-3031,5,32,36.8,20.1,4.7,1.2,0.3
Animal scientists(1),19-1011,0,0,0,0,51.9,28.7,19.4
Food scientists and technologists(1),19-1012,0,0,0,0,51.9,28.7,19.4
Soil and plant scientists(1),19-1013,0,0,0,0,51.9,28.7,19.4
Biochemists and biophysicists(1),19-1021,0,0,0,0,49.4,29,21.6
Microbiologists(1),19-1022,0,0,0,0,49.4,29,21.6
Zoologists and wildlife biologists(1),19-1023,0,0,0,0,49.4,29,21.6
"Biological scientists, all other(1)",19-1029,0,0,0,0,49.4,29,21.6
Conservation scientists(1),19-1031,0,0,0,0,77.2,17.4,5.4
Foresters(1),19-1032,0,0,0,0,77.2,17.4,5.4
Epidemiologists(1),19-1041,0.1,0.5,0.4,0.7,24.8,22.9,50.6
"Medical scientists, except epidemiologists(1)",19-1042,0.1,0.5,0.4,0.7,24.8,22.9,50.6
"Life scientists, all other(1)",19-1099,0.1,0.5,0.4,0.7,24.8,22.9,50.6
Astronomers(1),19-2011,0,0,0,0,22.6,26.4,51
Physicists(1),19-2012,0,0,0,0,22.6,26.4,51
Atmospheric and space scientists,19-2021,0,2.6,3.6,1.5,50.5,24.7,17.1
Chemists(1),19-2031,0.5,1.6,2.5,0.7,53,20.8,20.9
Materials scientists(1),19-2032,0.5,1.6,2.5,0.7,53,20.8,20.9
"Environmental scientists and specialists, including health(1)",19-2041,0,0,0,0,52.5,37.3,10.1
"Geoscientists, except hydrologists and geographers(1)",19-2042,0,0,0,0,52.5,37.3,10.1
Hydrologists(1),19-2043,0,0,0,0,52.5,37.3,10.1
"Physical scientists, all other",19-2099,0,0,0,0,27.7,22.8,49.5
Economists,19-3011,0,0,0,0,24.8,42.6,32.6
Survey researchers(1),19-3022,0,3.3,5.1,3.5,31.2,40.3,16.6
"Clinical, counseling, and school psychologists(1)",19-3031,0,0,0,0,7.1,44.3,48.6
Industrial-organizational psychologists(1),19-3032,0,0,0,0,7.1,44.3,48.6
"Psychologists, all other(1)",19-3039,0,0,0,0,7.1,44.3,48.6
Sociologists(1),19-3041,0,3.3,5.1,3.5,31.2,40.3,16.6
Urban and regional planners,19-3051,1.6,1.3,4.8,1.3,33.4,53.3,4.3
Anthropologists and archeologists(1),19-3091,0,3.3,5.1,3.5,31.2,40.3,16.6
Geographers(1),19-3092,0,3.3,5.1,3.5,31.2,40.3,16.6
Historians(1),19-3093,0,3.3,5.1,3.5,31.2,40.3,16.6
Political scientists(1),19-3094,0,3.3,5.1,3.5,31.2,40.3,16.6
"Social scientists and related workers, all other(1)",19-3099,0,3.3,5.1,3.5,31.2,40.3,16.6
Agricultural and food science technicians,19-4011,5.4,25.2,24.6,13.9,23.4,4.8,2.8
Biological technicians,19-4021,4.8,12.8,18.6,16.6,31.2,10.2,5.8
Chemical technicians,19-4031,2.3,23.5,26.6,15.6,24,5,3
Geological and petroleum technicians(1),19-4041,4.1,18.5,22.5,20,24.1,7.1,3.6
Nuclear technicians(1),19-4051,4.1,18.5,22.5,20,24.1,7.1,3.6
Social science research assistants(1),19-4061,3,15.4,21.6,14,31.6,11.4,2.9
"Environmental science and protection technicians, including health(1)",19-4091,3,15.4,21.6,14,31.6,11.4,2.9
Forensic science technicians(1),19-4092,3,15.4,21.6,14,31.6,11.4,2.9
Forest and conservation technicians(1),19-4093,3,15.4,21.6,14,31.6,11.4,2.9
"Life, physical, and social science technicians, all other(1)",19-4099,3,15.4,21.6,14,31.6,11.4,2.9
Substance abuse and behavioral disorder counselors(1),21-1011,1.2,4.9,7.9,4.8,24.6,51.6,4.9
"Educational, guidance, school, and vocational counselors(1)",21-1012,1.2,4.9,7.9,4.8,24.6,51.6,4.9
Marriage and family therapists(1),21-1013,1.2,4.9,7.9,4.8,24.6,51.6,4.9
Mental health counselors(1),21-1014,1.2,4.9,7.9,4.8,24.6,51.6,4.9
Rehabilitation counselors(1),21-1015,1.2,4.9,7.9,4.8,24.6,51.6,4.9
"Counselors, all other(1)",21-1019,1.2,4.9,7.9,4.8,24.6,51.6,4.9
"Child, family, and school social workers(1)",21-1021,0.9,5.5,8.9,6.1,40.9,36,1.8
Healthcare social workers(1),21-1022,0.9,5.5,8.9,6.1,40.9,36,1.8
Mental health and substance abuse social workers(1),21-1023,0.9,5.5,8.9,6.1,40.9,36,1.8
"Social workers, all other(1)",21-1029,0.9,5.5,8.9,6.1,40.9,36,1.8
Health educators(1),21-1091,3.3,15.4,21.5,7,33.3,17,2.6
Probation officers and correctional treatment specialists,21-1092,0.5,5.8,12.2,3.8,58.7,18,1.1
Social and human service assistants,21-1093,2.1,14.8,24.9,10.9,31.9,13.8,1.5
Community health workers(1),21-1094,3.3,15.4,21.5,7,33.3,17,2.6
"Community and social service specialists, all other(1)",21-1099,3.3,15.4,21.5,7,33.3,17,2.6
Clergy,21-2011,2.2,7.1,10.5,4.4,26.2,35,14.6
"Directors, religious activities and education",21-2021,1.3,9.4,16.1,6.1,33.8,27.2,6.1
"Religious workers, all other",21-2099,2.3,9.1,18.8,7.5,34.8,21.8,5.7
Lawyers(1),23-1011,0.2,0.4,0.7,0.5,4.9,4,89.3
Judicial law clerks,23-1012,0,1,5.5,3.5,11.8,0.6,77.5
"Administrative law judges, adjudicators, and hearing officers(1)",23-1021,0.2,0.4,0.7,0.5,4.9,4,89.3
"Arbitrators, mediators, and conciliators(1)",23-1022,0.2,0.4,0.7,0.5,4.9,4,89.3
"Judges, magistrate judges, and magistrates(1)",23-1023,0.2,0.4,0.7,0.5,4.9,4,89.3
Paralegals and legal assistants,23-2011,1,11.8,24.2,19.8,34.3,5.8,3.1
Court reporters(1),23-2091,1.5,16.2,26.3,14.2,28.9,6.8,6.1
"Title examiners, abstractors, and searchers(1)",23-2093,1.5,16.2,26.3,14.2,28.9,6.8,6.1
"Legal support workers, all other(1)",23-2099,1.5,16.2,26.3,14.2,28.9,6.8,6.1
"Business teachers, postsecondary(1)",25-1011,0.5,1.4,2.5,2.3,16.4,33.1,43.8
"Computer science teachers, postsecondary(1)",25-1021,0.5,1.4,2.5,2.3,16.4,33.1,43.8
"Mathematical science teachers, postsecondary(1)",25-1022,0.5,1.4,2.5,2.3,16.4,33.1,43.8
"Architecture teachers, postsecondary(1)",25-1031,0.5,1.4,2.5,2.3,16.4,33.1,43.8
"Engineering teachers, postsecondary(1)",25-1032,0.5,1.4,2.5,2.3,16.4,33.1,43.8
"Agricultural sciences teachers, postsecondary(1)",25-1041,0.5,1.4,2.5,2.3,16.4,33.1,43.8
"Biological science teachers, postsecondary(1)",25-1042,0.5,1.4,2.5,2.3,16.4,33.1,43.8
"Forestry and conservation science teachers, postsecondary(1)",25-1043,0.5,1.4,2.5,2.3,16.4,33.1,43.8
"Atmospheric, earth, marine, and space sciences teachers, postsecondary(1)",25-1051,0.5,1.4,2.5,2.3,16.4,33.1,43.8
"Chemistry teachers, postsecondary(1)",25-1052,0.5,1.4,2.5,2.3,16.4,33.1,43.8
"Environmental science teachers, postsecondary(1)",25-1053,0.5,1.4,2.5,2.3,16.4,33.1,43.8
"Physics teachers, postsecondary(1)",25-1054,0.5,1.4,2.5,2.3,16.4,33.1,43.8
"Anthropology and archeology teachers, postsecondary(1)",25-1061,0.5,1.4,2.5,2.3,16.4,33.1,43.8
"Area, ethnic, and cultural studies teachers, postsecondary(1)",25-1062,0.5,1.4,2.5,2.3,16.4,33.1,43.8
"Economics teachers, postsecondary(1)",25-1063,0.5,1.4,2.5,2.3,16.4,33.1,43.8
"Geography teachers, postsecondary(1)",25-1064,0.5,1.4,2.5,2.3,16.4,33.1,43.8
"Political science teachers, postsecondary(1)",25-1065,0.5,1.4,2.5,2.3,16.4,33.1,43.8
"Psychology teachers, postsecondary(1)",25-1066,0.5,1.4,2.5,2.3,16.4,33.1,43.8
"Sociology teachers, postsecondary(1)",25-1067,0.5,1.4,2.5,2.3,16.4,33.1,43.8
"Social sciences teachers, postsecondary, all other(1)",25-1069,0.5,1.4,2.5,2.3,16.4,33.1,43.8
"Health specialties teachers, postsecondary(1)",25-1071,0.5,1.4,2.5,2.3,16.4,33.1,43.8
"Nursing instructors and teachers, postsecondary(1)",25-1072,0.5,1.4,2.5,2.3,16.4,33.1,43.8
"Education teachers, postsecondary(1)",25-1081,0.5,1.4,2.5,2.3,16.4,33.1,43.8
"Library science teachers, postsecondary(1)",25-1082,0.5,1.4,2.5,2.3,16.4,33.1,43.8
"Criminal justice and law enforcement teachers, postsecondary(1)",25-1111,0.5,1.4,2.5,2.3,16.4,33.1,43.8
"Law teachers, postsecondary(1)",25-1112,0.5,1.4,2.5,2.3,16.4,33.1,43.8
"Social work teachers, postsecondary(1)",25-1113,0.5,1.4,2.5,2.3,16.4,33.1,43.8
"Art, drama, and music teachers, postsecondary(1)",25-1121,0.5,1.4,2.5,2.3,16.4,33.1,43.8
"Communications teachers, postsecondary(1)",25-1122,0.5,1.4,2.5,2.3,16.4,33.1,43.8
"English language and literature teachers, postsecondary(1)",25-1123,0.5,1.4,2.5,2.3,16.4,33.1,43.8
"Foreign language and literature teachers, postsecondary(1)",25-1124,0.5,1.4,2.5,2.3,16.4,33.1,43.8
"History teachers, postsecondary(1)",25-1125,0.5,1.4,2.5,2.3,16.4,33.1,43.8
"Philosophy and religion teachers, postsecondary(1)",25-1126,0.5,1.4,2.5,2.3,16.4,33.1,43.8
Graduate teaching assistants(1),25-1191,0.5,1.4,2.5,2.3,16.4,33.1,43.8
"Home economics teachers, postsecondary(1)",25-1192,0.5,1.4,2.5,2.3,16.4,33.1,43.8
"Recreation and fitness studies teachers, postsecondary(1)",25-1193,0.5,1.4,2.5,2.3,16.4,33.1,43.8
"Vocational education teachers, postsecondary(1)",25-1194,0.5,1.4,2.5,2.3,16.4,33.1,43.8
"Postsecondary teachers, all other(1)",25-1199,0.5,1.4,2.5,2.3,16.4,33.1,43.8
"Preschool teachers, except special education(1)",25-2011,1.9,12.9,23.8,15.9,33.4,11.5,0.7
"Kindergarten teachers, except special education(1)",25-2012,1.9,12.9,23.8,15.9,33.4,11.5,0.7
"Elementary school teachers, except special education(1)",25-2021,0,0,2.8,2.1,43.8,47.2,4.1
"Middle school teachers, except special and career/technical education(1)",25-2022,0,0,2.8,2.1,43.8,47.2,4.1
"Career/technical education teachers, middle school(1)",25-2023,0,0,2.8,2.1,43.8,47.2,4.1
"Secondary school teachers, except special and career/technical education(1)",25-2031,0,0,2.8,1.4,42.3,48.7,4.8
"Career/technical education teachers, secondary school(1)",25-2032,0,0,2.8,1.4,42.3,48.7,4.8
"Special education teachers, preschool(1)",25-2051,0.3,3.3,7.3,3.9,35.2,46.8,3.2
"Special education teachers, kindergarten and elementary school(1)",25-2052,0.3,3.3,7.3,3.9,35.2,46.8,3.2
"Special education teachers, middle school(1)",25-2053,0.3,3.3,7.3,3.9,35.2,46.8,3.2
"Special education teachers, secondary school(1)",25-2054,0.3,3.3,7.3,3.9,35.2,46.8,3.2
"Special education teachers, all other(1)",25-2059,0.3,3.3,7.3,3.9,35.2,46.8,3.2
Adult basic and secondary education and literacy teachers and instructors(1),25-3011,2,10.1,18.6,8.8,35.7,20.3,4.5
Self-enrichment education teachers(1),25-3021,2,10.1,18.6,8.8,35.7,20.3,4.5
"Teachers and instructors, all other(1)",25-3099,2,10.1,18.6,8.8,35.7,20.3,4.5
Archivists(1),25-4011,0.9,5.8,8.5,4.6,31.1,42,7.1
Curators(1),25-4012,0.9,5.8,8.5,4.6,31.1,42,7.1
Museum technicians and conservators(1),25-4013,0.9,5.8,8.5,4.6,31.1,42,7.1
Librarians,25-4021,0.2,1.6,8.9,4.9,23.1,56.7,4.6
Library technicians,25-4031,3,29.1,17.1,9.9,26.7,12.9,1.5
Audio-visual and multimedia collections specialists(1),25-9011,0.3,5.8,6.7,5,29.8,43.4,9
Farm and home management advisors(1),25-9021,0.3,5.8,6.7,5,29.8,43.4,9
Instructional coordinators(1),25-9031,0.3,5.8,6.7,5,29.8,43.4,9
Teacher assistants,25-9041,4.2,28.7,25.6,15.5,21.3,4.2,0.6
"Education, training, and library workers, all other(1)",25-9099,0.3,5.8,6.7,5,29.8,43.4,9
Art directors(1),27-1011,2.9,11.7,19.2,8.6,44.8,11.3,1.5
Craft artists(1),27-1012,2.9,11.7,19.2,8.6,44.8,11.3,1.5
"Fine artists, including painters, sculptors, and illustrators(1)",27-1013,2.9,11.7,19.2,8.6,44.8,11.3,1.5
Multimedia artists and animators(1),27-1014,2.9,11.7,19.2,8.6,44.8,11.3,1.5
"Artists and related workers, all other(1)",27-1019,2.9,11.7,19.2,8.6,44.8,11.3,1.5
Commercial and industrial designers(1),27-1021,2,8.9,16.5,12.5,48.6,9.7,1.6
Fashion designers(1),27-1022,2,8.9,16.5,12.5,48.6,9.7,1.6
Floral designers(1),27-1023,2,8.9,16.5,12.5,48.6,9.7,1.6
Graphic designers(1),27-1024,2,8.9,16.5,12.5,48.6,9.7,1.6
Interior designers(1),27-1025,2,8.9,16.5,12.5,48.6,9.7,1.6
Merchandise displayers and window trimmers(1),27-1026,2,8.9,16.5,12.5,48.6,9.7,1.6
Set and exhibit designers(1),27-1027,2,8.9,16.5,12.5,48.6,9.7,1.6
"Designers, all other(1)",27-1029,2,8.9,16.5,12.5,48.6,9.7,1.6
Actors,27-2011,2.3,6.2,23.3,10,45.1,10.7,2.4
Producers and directors,27-2012,0.9,5.4,12.5,5.6,59.6,13.1,2.8
Athletes and sports competitors(1),27-2021,1.5,10.8,19.6,6.3,39.9,19.8,2.1
Coaches and scouts(1),27-2022,1.5,10.8,19.6,6.3,39.9,19.8,2.1
"Umpires, referees, and other sports officials(1)",27-2023,1.5,10.8,19.6,6.3,39.9,19.8,2.1
Dancers(1),27-2031,11.5,31.8,21.5,4.3,25.9,5,0
Choreographers(1),27-2032,11.5,31.8,21.5,4.3,25.9,5,0
Music directors and composers(1),27-2041,3.2,12.9,19,4.9,34.7,20,5.3
Musicians and singers(1),27-2042,3.2,12.9,19,4.9,34.7,20,5.3
"Entertainers and performers, sports and related workers, all other",27-2099,11.4,16.1,26.2,7.6,30.5,7.9,0.4
Radio and television announcers(1),27-3011,3.6,19.2,26.7,9.4,35.4,3.9,1.8
Public address system and other announcers(1),27-3012,3.6,19.2,26.7,9.4,35.4,3.9,1.8
Broadcast news analysts(1),27-3021,0.5,1.6,8.5,3.5,62.5,21.8,1.5
Reporters and correspondents(1),27-3022,0.5,1.6,8.5,3.5,62.5,21.8,1.5
Public relations specialists,27-3031,0.6,3.8,7.9,3.6,57.9,22.6,3.6
Editors,27-3041,0.4,4.1,8.5,4.3,55.2,22.1,5.4
Technical writers,27-3042,0.5,5.1,9.1,5.5,51.9,20.8,7.2
Writers and authors,27-3043,0.9,3.4,9.7,4.5,49.3,23.6,8.5
Interpreters and translators(1),27-3091,1.2,13.7,19.9,12.7,30.8,16.6,5.2
"Media and communication workers, all other(1)",27-3099,1.2,13.7,19.9,12.7,30.8,16.6,5.2
Audio and video equipment technicians(1),27-4011,1.9,21.1,28.4,15.7,29.3,3.2,0.5
Broadcast technicians(1),27-4012,1.9,21.1,28.4,15.7,29.3,3.2,0.5
Radio operators(1),27-4013,1.9,21.1,28.4,15.7,29.3,3.2,0.5
Sound engineering technicians(1),27-4014,1.9,21.1,28.4,15.7,29.3,3.2,0.5
Photographers,27-4021,2.5,13.2,23.8,10,41.3,8.1,1
"Camera operators, television, video, and motion picture(1)",27-4031,1.5,5.4,16.5,7.5,58.6,9.2,1.3
Film and video editors(1),27-4032,1.5,5.4,16.5,7.5,58.6,9.2,1.3
"Media and communication equipment workers, all other(1)",27-4099,1.9,21.1,28.4,15.7,29.3,3.2,0.5
Chiropractors,29-1011,0.2,0.3,0,1,5.4,2.6,90.5
"Dentists, general(1)",29-1021,0,0,0,0,0,3.4,96.6
Oral and maxillofacial surgeons(1),29-1022,0,0,0,0,0,3.4,96.6
Orthodontists(1),29-1023,0,0,0,0,0,3.4,96.6
Prosthodontists(1),29-1024,0,0,0,0,0,3.4,96.6
"Dentists, all other specialists(1)",29-1029,0,0,0,0,0,3.4,96.6
Dietitians and nutritionists,29-1031,3.3,12.8,10.3,3.6,38.2,25,6.7
Optometrists,29-1041,0,0,0,0,0,2.9,97.1
Pharmacists,29-1051,0,0,1.3,1.2,32.4,6.6,58.5
Anesthesiologists(1),29-1061,0.2,0.3,0.1,0,1.6,0.8,97
Family and general practitioners(1),29-1062,0.2,0.3,0.1,0,1.6,0.8,97
"Internists, general(1)",29-1063,0.2,0.3,0.1,0,1.6,0.8,97
Obstetricians and gynecologists(1),29-1064,0.2,0.3,0.1,0,1.6,0.8,97
"Pediatricians, general(1)",29-1065,0.2,0.3,0.1,0,1.6,0.8,97
Psychiatrists(1),29-1066,0.2,0.3,0.1,0,1.6,0.8,97
Surgeons(1),29-1067,0.2,0.3,0.1,0,1.6,0.8,97
"Physicians and surgeons, all other(1)",29-1069,0.2,0.3,0.1,0,1.6,0.8,97
Physician assistants,29-1071,0.8,0.5,1.2,4.3,16.5,58.3,18.4
Podiatrists,29-1081,0,0,0,0,0,2.2,97.8
Occupational therapists,29-1122,0.5,1.1,1.5,6,38.7,46.3,5.9
Physical therapists,29-1123,0.5,0.9,1.1,3.8,31,24.4,38.2
Radiation therapists,29-1124,0,4.3,10.6,32.2,42.5,8.2,2.2
Recreational therapists,29-1125,0.6,4,5.2,6,68.2,14.1,1.9
Respiratory therapists,29-1126,0.2,1,12.5,55.3,26.7,3,1.2
Speech-language pathologists,29-1127,0.4,1.1,0.9,0.8,9.3,84.1,3.4
Exercise physiologists(1),29-1128,0.7,2.5,5.3,7.5,25.4,52,6.5
"Therapists, all other(1)",29-1129,0.7,2.5,5.3,7.5,25.4,52,6.5
Veterinarians,29-1131,0,0,0,0,0,3.1,96.9
Registered nurses,29-1141,0.3,0.9,4.8,32.7,50,9.5,1.8
Nurse anesthetists,29-1151,0.4,2.1,0.8,0.6,10.5,72.3,13.3
Nurse midwives(1),29-1161,0.1,0.5,0.6,0.3,6.1,77.2,15.2
Nurse practitioners(1),29-1171,0.1,0.5,0.6,0.3,6.1,77.2,15.2
Audiologists,29-1181,0,0.2,2.3,2.3,7.7,19.5,68
"Health diagnosing and treating practitioners, all other",29-1199,1.1,3.5,6.7,3,19.3,41.4,25.1
Medical and clinical laboratory technologists(1),29-2011,1.2,9.8,20.2,19.8,38.4,8,2.5
Medical and clinical laboratory technicians(1),29-2012,1.2,9.8,20.2,19.8,38.4,8,2.5
Dental hygienists,29-2021,0.5,2.5,8.3,50.9,33.1,2.8,2.1
Cardiovascular technologists and technicians(1),29-2031,1.4,6.9,16.4,42.4,26.9,4.1,1.9
Diagnostic medical sonographers(1),29-2032,1.4,6.9,16.4,42.4,26.9,4.1,1.9
Nuclear medicine technologists(1),29-2033,1.4,6.9,16.4,42.4,26.9,4.1,1.9
Radiologic technologists(1),29-2034,1.4,6.9,16.4,42.4,26.9,4.1,1.9
Magnetic resonance imaging technologists(1),29-2035,1.4,6.9,16.4,42.4,26.9,4.1,1.9
Emergency medical technicians and paramedics,29-2041,1.1,12.5,43.7,21.7,18,2.6,0.4
Dietetic technicians(1),29-2051,2,20.8,34.2,21.4,18.1,2.6,1
Pharmacy technicians(1),29-2052,2,20.8,34.2,21.4,18.1,2.6,1
Psychiatric technicians(1),29-2053,2,20.8,34.2,21.4,18.1,2.6,1
Respiratory therapy technicians(1),29-2054,2,20.8,34.2,21.4,18.1,2.6,1
Surgical technologists(1),29-2055,2,20.8,34.2,21.4,18.1,2.6,1
Veterinary technologists and technicians(1),29-2056,2,20.8,34.2,21.4,18.1,2.6,1
Ophthalmic medical technicians(1),29-2057,2,20.8,34.2,21.4,18.1,2.6,1
Licensed practical and licensed vocational nurses,29-2061,2,23.3,53.5,16.4,4,0.6,0.3
Medical records and health information technicians,29-2071,1.9,19.2,32.7,23.1,18.1,3.7,1.3
"Opticians, dispensing",29-2081,3.7,27.8,29.2,18.2,17.8,1.6,1.6
Orthotists and prosthetists(1),29-2091,2.3,16.3,32.1,17.2,22.7,6.2,3.1
Hearing aid specialists(1),29-2092,2.3,16.3,32.1,17.2,22.7,6.2,3.1
"Health technologists and technicians, all other(1)",29-2099,2.3,16.3,32.1,17.2,22.7,6.2,3.1
Occupational health and safety specialists(1),29-9011,1.8,11.4,15.4,7.5,37.7,24.1,2.1
Occupational health and safety technicians(1),29-9012,1.8,11.4,15.4,7.5,37.7,24.1,2.1
Athletic trainers(1),29-9091,1.8,11.4,15.4,7.5,37.7,24.1,2.1
Genetic counselors(1),29-9092,1.8,11.4,15.4,7.5,37.7,24.1,2.1
"Healthcare practitioners and technical workers, all other(1)",29-9099,1.8,11.4,15.4,7.5,37.7,24.1,2.1
Home health aides(1),31-1011,12.7,36.2,31.9,10,7,1.2,0.9
Psychiatric aides(1),31-1013,12.7,36.2,31.9,10,7,1.2,0.9
Nursing assistants(1),31-1014,12.7,36.2,31.9,10,7,1.2,0.9
Orderlies(1),31-1015,12.7,36.2,31.9,10,7,1.2,0.9
Occupational therapy assistants(1),31-2011,0,0.2,6.8,72.3,17.7,2.3,0.7
Occupational therapy aides(1),31-2012,0,0.2,6.8,72.3,17.7,2.3,0.7
Physical therapist assistants(1),31-2021,1,6.5,12.3,51.2,24.7,3.2,1.1
Physical therapist aides(1),31-2022,1,6.5,12.3,51.2,24.7,3.2,1.1
Massage therapists,31-9011,3.4,18,33.5,19.6,19.2,4.5,1.7
Dental assistants,31-9091,2.7,25.8,40.6,21.2,8.2,0.3,1.1
Medical assistants,31-9092,1.5,19.8,39.2,26.5,10.1,1.4,1.4
Medical equipment preparers(1),31-9093,8.6,38.6,25.5,12.2,11.9,2.2,1.1
Medical transcriptionists,31-9094,0.5,25.5,41,15.3,14.4,2.8,0.6
Pharmacy aides,31-9095,4.9,25.6,32.7,11.8,17.3,3.2,4.6
Veterinary assistants and laboratory animal caretakers,31-9096,6.4,22.7,28,15.5,22.2,4.2,1
Phlebotomists,31-9097,1.6,22.7,45.7,18.7,10.3,0.6,0.4
"Healthcare support workers, all other(1)",31-9099,8.6,38.6,25.5,12.2,11.9,2.2,1.1
First-line supervisors of correctional officers,33-1011,0.4,26.5,32.7,15,21.1,3.7,0.5
First-line supervisors of police and detectives,33-1012,0.7,11.3,29.1,18.1,29.8,9.9,1.1
First-line supervisors of fire fighting and prevention workers,33-1021,0.5,11.1,37.3,21.8,22.4,6.2,0.6
"First-line supervisors of protective service workers, all other",33-1099,2.6,19.3,30.1,11,25.8,8.9,2.4
Firefighters,33-2011,1.3,15.2,37.8,23,18.9,3.3,0.5
Fire inspectors and investigators(1),33-2021,1.6,23.3,35.3,20.5,16.5,2.5,0.2
Forest fire inspectors and prevention specialists(1),33-2022,1.6,23.3,35.3,20.5,16.5,2.5,0.2
Bailiffs(1),33-3011,1.5,30.3,34.7,15.1,15.6,2.4,0.4
Correctional officers and jailers(1),33-3012,1.5,30.3,34.7,15.1,15.6,2.4,0.4
Detectives and criminal investigators,33-3021,0.7,7.6,25.5,12,38.9,12.9,2.5
Fish and game wardens(1),33-3031,1.6,19.4,27.8,15.8,30,5.2,0
Parking enforcement workers(1),33-3041,1.6,19.4,27.8,15.8,30,5.2,0
Police and sheriff's patrol officers(1),33-3051,0.9,11.9,30.8,17,32.5,6,1
Transit and railroad police(1),33-3052,0.9,11.9,30.8,17,32.5,6,1
Animal control workers,33-9011,1.6,30.4,40.2,9.4,13.8,4.2,0.4
Private detectives and investigators,33-9021,0.8,8.3,20.3,10.8,43.7,13.4,2.7
Gaming surveillance officers and gaming investigators(1),33-9031,6.2,34.1,32.6,9.9,14.1,2.8,0.4
Security guards(1),33-9032,6.2,34.1,32.6,9.9,14.1,2.8,0.4
Crossing guards,33-9091,14.8,43.8,24.9,9.1,5.3,1.4,0.6
"Lifeguards, ski patrol, and other recreational protective service workers(1)",33-9092,2.2,16.2,23.4,14.4,36.4,6.2,1.1
Transportation security screeners,33-9093,2.2,25.8,34.5,9.7,22.5,4.9,0.4
"Protective service workers, all other(1)",33-9099,2.2,16.2,23.4,14.4,36.4,6.2,1.1
Chefs and head cooks,35-1011,14.9,30.1,24.3,16.3,12.5,1.4,0.6
First-line supervisors of food preparation and serving workers,35-1012,12.2,35,28.9,10.2,11.7,1.8,0.3
"Cooks, fast food(1)",35-2011,29.4,40.9,18.4,5.5,4.9,0.7,0.2
"Cooks, institution and cafeteria(1)",35-2012,29.4,40.9,18.4,5.5,4.9,0.7,0.2
"Cooks, private household(1)",35-2013,29.4,40.9,18.4,5.5,4.9,0.7,0.2
"Cooks, restaurant(1)",35-2014,29.4,40.9,18.4,5.5,4.9,0.7,0.2
"Cooks, short order(1)",35-2015,29.4,40.9,18.4,5.5,4.9,0.7,0.2
"Cooks, all other(1)",35-2019,29.4,40.9,18.4,5.5,4.9,0.7,0.2
Food preparation workers,35-2021,25,37.7,20.9,6.5,8.1,1.4,0.3
Bartenders,35-3011,6.1,26.3,36.8,9.9,18.4,2.2,0.3
"Combined food preparation and serving workers, including fast food",35-3021,18.1,44.8,22.3,7,6.6,1,0.2
"Counter attendants, cafeteria, food concession, and coffee shop",35-3022,21.6,39.2,23.9,7.8,5.9,0.8,0.6
Waiters and waitresses,35-3031,12.6,32,30.4,9.3,13.7,1.5,0.4
"Food servers, nonrestaurant",35-3041,16,43.5,24.4,8.1,6.2,1.2,0.6
Dining room and cafeteria attendants and bartender helpers(1),35-9011,25.4,39.7,20.6,5.5,7.9,0.9,0
Dishwashers,35-9021,42.2,38.3,12.8,2.7,3.4,0.4,0.2
"Hosts and hostesses, restaurant, lounge, and coffee shop",35-9031,10.8,29.3,30,6.7,19.2,3.9,0.1
"Food preparation and serving related workers, all other(1)",35-9099,25.4,39.7,20.6,5.5,7.9,0.9,0
First-line supervisors of housekeeping and janitorial workers,37-1011,15.6,38,24,7.1,12.8,2,0.5
"First-line supervisors of landscaping, lawn service, and groundskeeping workers",37-1012,19.9,26.1,22.5,11.1,17.9,2.2,0.3
"Janitors and cleaners, except maids and housekeeping cleaners(1)",37-2011,24.9,43.7,19.2,5.9,5,0.9,0.2
Maids and housekeeping cleaners,37-2012,37.6,38.7,14.4,4.4,4.2,0.6,0.2
"Building cleaning workers, all other(1)",37-2019,24.9,43.7,19.2,5.9,5,0.9,0.2
Pest control workers,37-2021,8.3,46.8,26.7,8.6,8.4,1,0.3
Landscaping and groundskeeping workers(1),37-3011,37.9,35.4,14.6,4.4,6.7,1,0.1
"Pesticide handlers, sprayers, and applicators, vegetation(1)",37-3012,37.9,35.4,14.6,4.4,6.7,1,0.1
Tree trimmers and pruners(1),37-3013,37.9,35.4,14.6,4.4,6.7,1,0.1
"Grounds maintenance workers, all other(1)",37-3019,37.9,35.4,14.6,4.4,6.7,1,0.1
Gaming supervisors(1),39-1011,2.3,30,40,8.9,15.5,2.5,0.8
Slot supervisors(1),39-1012,2.3,30,40,8.9,15.5,2.5,0.8
First-line supervisors of personal service workers,39-1021,4.6,29.5,25.7,13.4,21.1,4.3,1.4
Animal trainers,39-2011,5.3,25.6,32,7.1,25.8,2.4,1.8
Nonfarm animal caretakers,39-2021,7.9,32.5,27.6,10.3,18.1,2.5,1.2
Gaming dealers(1),39-3011,8.4,36.4,30.9,9,13.2,1.7,0.2
Gaming and sports book writers and runners(1),39-3012,8.4,36.4,30.9,9,13.2,1.7,0.2
"Gaming service workers, all other(1)",39-3019,8.4,36.4,30.9,9,13.2,1.7,0.2
Motion picture projectionists,39-3021,6.9,47.1,12.8,8.6,20.2,4.4,0
"Ushers, lobby attendants, and ticket takers",39-3031,11.9,22.7,19.8,16.2,22.4,6.5,0.4
Amusement and recreation attendants(1),39-3091,8.3,27.8,26.4,9.6,22.2,4.9,0.9
Costume attendants(1),39-3092,8.3,27.8,26.4,9.6,22.2,4.9,0.9
"Locker room, coatroom, and dressing room attendants(1)",39-3093,8.3,27.8,26.4,9.6,22.2,4.9,0.9
"Entertainment attendants and related workers, all other(1)",39-3099,8.3,27.8,26.4,9.6,22.2,4.9,0.9
Embalmers(1),39-4011,3.3,33.9,21.8,20.1,17,3.5,0.4
Funeral attendants(1),39-4021,3.3,33.9,21.8,20.1,17,3.5,0.4
"Morticians, undertakers, and funeral directors",39-4031,1.8,8.2,16.4,33,27.2,7.5,5.9
Barbers,39-5011,12.8,46.8,25.6,9.4,5.2,0.2,0
"Hairdressers, hairstylists, and cosmetologists",39-5012,6.2,44.2,31.5,11.1,5.9,0.7,0.3
"Makeup artists, theatrical and performance(1)",39-5091,23.4,36.7,21.1,7.3,10,1.2,0.4
Manicurists and pedicurists(1),39-5092,23.4,36.7,21.1,7.3,10,1.2,0.4
Shampooers(1),39-5093,23.4,36.7,21.1,7.3,10,1.2,0.4
Skincare specialists(1),39-5094,23.4,36.7,21.1,7.3,10,1.2,0.4
Baggage porters and bellhops(1),39-6011,11.1,28.3,28.1,11,17.7,3,0.7
Concierges(1),39-6012,11.1,28.3,28.1,11,17.7,3,0.7
Tour guides and escorts(1),39-7011,4,18.1,26.2,7.3,30.6,12,1.9
Travel guides(1),39-7012,4,18.1,26.2,7.3,30.6,12,1.9
Childcare workers,39-9011,13.2,30.9,26.1,11.3,15.2,2.9,0.5
Personal care aides,39-9021,16.2,34.6,27.3,8.9,10.1,2.3,0.6
Fitness trainers and aerobics instructors(1),39-9031,2.6,14.6,24.2,10.1,37.3,10.1,1.1
Recreation workers(1),39-9032,2.6,14.6,24.2,10.1,37.3,10.1,1.1
Residential advisors,39-9041,0.8,20,28.7,16.1,25.9,8.1,0.4
"Personal care and service workers, all other",39-9099,8.4,31.5,31,8,17.3,3.1,0.8
First-line supervisors of retail sales workers,41-1011,5.6,29.4,28.4,10.3,21.5,3.8,1
First-line supervisors of non-retail sales workers,41-1012,4.7,20.3,22.4,8.3,32.1,10.3,1.8
Cashiers(1),41-2011,15.5,40.5,24.7,7.4,9.8,1.7,0.3
Gaming change persons and booth cashiers(1),41-2012,15.5,40.5,24.7,7.4,9.8,1.7,0.3
Counter and rental clerks,41-2021,14.4,35.2,23.1,9,15.1,2.6,0.6
Parts salespersons,41-2022,8.9,46.6,28.6,8.5,6.9,0.5,0
Retail salespersons,41-2031,6.9,29.1,27.6,10.2,21.6,4,0.7
Advertising sales agents,41-3011,2.2,10.9,18.5,8.5,50.3,8.2,1.4
Insurance sales agents,41-3021,1.1,14.8,25.6,9.6,40.3,7,1.5
"Securities, commodities, and financial services sales agents",41-3031,0.7,7,14.7,4.7,53.1,16.5,3.1
Travel agents,41-3041,2.3,18.3,25.5,15.6,30,7.1,1.1
"Sales representatives, services, all other",41-3099,2.1,14.1,23.2,8,42.9,9,0.8
"Sales representatives, wholesale and manufacturing, technical and scientific products(1)",41-4011,2.7,17.2,22.6,8.7,40.5,7.6,0.8
"Sales representatives, wholesale and manufacturing, except technical and scientific products(1)",41-4012,2.7,17.2,22.6,8.7,40.5,7.6,0.8
Demonstrators and product promoters(1),41-9011,11,25.6,29.7,9.1,20.7,3.6,0.2
Models(1),41-9012,11,25.6,29.7,9.1,20.7,3.6,0.2
Real estate brokers(1),41-9021,1.4,12.7,26.6,10.1,37.5,9.7,1.9
Real estate sales agents(1),41-9022,1.4,12.7,26.6,10.1,37.5,9.7,1.9
Sales engineers,41-9031,0,4.2,16.2,10.1,57.1,10.6,1.7
Telemarketers,41-9041,5.8,29.7,31.1,11.5,18.9,2.6,0.3
"Door-to-door sales workers, news and street vendors, and related workers",41-9091,11.9,32.6,20.2,9,19.5,5.8,1.1
"Sales and related workers, all other",41-9099,4.3,18.7,21.9,8.1,37.8,8,1.2
First-line supervisors of office and administrative support workers,43-1011,2.7,22.3,27.5,11.4,26.3,8.2,1.5
"Switchboard operators, including answering service",43-2011,6.1,36.3,33.4,7.7,14.1,2.1,0.3
Telephone operators,43-2021,4.7,31.4,34.9,14.8,9.5,4.3,0.4
"Communications equipment operators, all other",43-2099,3.2,27.8,20.7,12.3,28.1,7.9,0
Bill and account collectors,43-3011,4.4,29.1,31.5,15.2,16.7,2.6,0.5
Billing and posting clerks,43-3021,2.9,28.5,33.9,15,16,3.2,0.5
"Bookkeeping, accounting, and auditing clerks",43-3031,3.5,27.7,38.8,10.6,16.4,2.7,0.4
Gaming cage workers,43-3041,2.8,46.7,36.6,3.4,10.5,0,0
Payroll and timekeeping clerks,43-3051,1.5,27.7,34.2,12.9,19.8,3.8,0.2
Procurement clerks,43-3061,2.5,19.2,23.8,9.7,32.8,11.7,0.3
Tellers,43-3071,1.7,37.2,31.6,12.2,15.1,1.8,0.3
"Financial clerks, all other",43-3099,1.1,16.6,19.4,10.1,35.5,15.2,2.2
Brokerage clerks,43-4011,4.2,18.2,27.6,2.5,37.9,7.7,1.9
Correspondence clerks(1),43-4021,9.3,29.7,28,9.4,19.4,3.4,0.9
"Court, municipal, and license clerks",43-4031,2,26,31.1,14.8,19.5,4.2,2.4
"Credit authorizers, checkers, and clerks",43-4041,1.1,24.4,27.5,15.6,23.8,7.1,0.5
Customer service representatives,43-4051,4.1,26.7,31.2,11.9,21.5,4,0.7
"Eligibility interviewers, government programs",43-4061,0.9,11.9,26,11.7,38.6,9.4,1.5
File clerks,43-4071,3.5,28.1,30.9,14,18.5,3.9,1.1
"Hotel, motel, and resort desk clerks",43-4081,5.3,31.1,32.3,11.2,18.1,1.7,0.2
"Interviewers, except eligibility and loan",43-4111,3.3,21.8,30.8,13.7,22.4,6.8,1.3
"Library assistants, clerical",43-4121,0.8,18.8,23.2,10.3,35.4,10.2,1.2
Loan interviewers and clerks,43-4131,1.9,21.6,40.2,9.6,24.2,2,0.4
New accounts clerks,43-4141,1.5,17.7,38.1,9.6,30.8,2.2,0
Order clerks(1),43-4151,9.3,29.7,28,9.4,19.4,3.4,0.9
"Human resources assistants, except payroll and timekeeping",43-4161,2.3,20.8,28.8,11.3,26.1,9.8,0.9
Receptionists and information clerks,43-4171,4.1,32.7,34,13,13.3,2.5,0.3
Reservation and transportation ticket agents and travel clerks,43-4181,1.9,25.2,33.5,10.8,24.3,3.8,0.6
"Information and record clerks, all other",43-4199,1.3,20,29,14.6,24.4,9.4,1.2
Cargo and freight agents,43-5011,6.6,20,40.8,15.4,13.5,3.3,0.4
Couriers and messengers,43-5021,8.8,34.7,30.1,9,15.4,1.8,0.3
"Police, fire, and ambulance dispatchers(1)",43-5031,4.4,32.4,34.9,11.4,14.9,1.8,0.2
"Dispatchers, except police, fire, and ambulance(1)",43-5032,4.4,32.4,34.9,11.4,14.9,1.8,0.2
"Meter readers, utilities",43-5041,2.4,39.5,36.6,12.5,8.3,0.8,0
Postal service clerks,43-5051,2.9,33.2,36.8,13.4,11.9,1.8,0
Postal service mail carriers,43-5052,3.2,34.1,34.7,13.2,12.7,1.6,0.5
"Postal service mail sorters, processors, and processing machine operators",43-5053,4.4,30.6,34.3,11.9,16.6,2,0.3
"Production, planning, and expediting clerks",43-5061,2.4,21.6,27.3,13.1,26,8.9,0.7
"Shipping, receiving, and traffic clerks",43-5071,12.3,43.4,25.4,8.8,8.6,1.2,0.3
Stock clerks and order fillers,43-5081,13.6,41.9,25.8,7.6,9.2,1.5,0.3
"Weighers, measurers, checkers, and samplers, recordkeeping",43-5111,12.3,38.7,24.4,8.7,12.2,3.3,0.5
Executive secretaries and executive administrative assistants(1),43-6011,2.3,26.8,32.6,14.3,19.8,3.5,0.7
Legal secretaries(1),43-6012,2.3,26.8,32.6,14.3,19.8,3.5,0.7
Medical secretaries(1),43-6013,2.3,26.8,32.6,14.3,19.8,3.5,0.7
"Secretaries and administrative assistants, except legal, medical, and executive(1)",43-6014,2.3,26.8,32.6,14.3,19.8,3.5,0.7
Computer operators,43-9011,2.1,22.5,29.5,13.8,25.8,5.4,0.8
Data entry keyers,43-9021,2.4,25.4,32.5,13.3,21.9,4,0.4
Word processors and typists,43-9022,2.8,28.2,29.9,14.8,19,4.4,1
Desktop publishers(1),43-9031,1.6,17.7,28.7,13,28.9,8.9,1.2
Insurance claims and policy processing clerks,43-9041,1.5,22.5,34.1,12.2,25.1,3.9,0.7
"Mail clerks and mail machine operators, except postal service",43-9051,9.8,38.4,29,9.3,11.8,1.7,0
"Office clerks, general",43-9061,3.3,28.6,31.7,13.2,18.6,3.7,0.8
"Office machine operators, except computer",43-9071,10.8,39.3,22.7,8.6,14.5,3.9,0.3
Proofreaders and copy markers,43-9081,1.5,7.5,25.1,5.3,40.9,18.4,1.2
Statistical assistants,43-9111,4.6,23.4,27.7,9.7,23.7,9.1,1.9
"Office and administrative support workers, all other(1)",43-9199,1.6,17.7,28.7,13,28.9,8.9,1.2
"First-line supervisors of farming, fishing, and forestry workers",45-1011,27.2,32,19.2,6.3,11.9,2.7,0.8
Agricultural inspectors,45-2011,7.5,21.2,16.9,13.7,34.5,3.7,2.4
Animal breeders(1),45-2021,54.6,26.6,9.6,3.3,5.1,0.7,0.2
"Graders and sorters, agricultural products",45-2041,57.7,28.4,10.2,1.6,1.7,0.4,0
Agricultural equipment operators(1),45-2091,54.6,26.6,9.6,3.3,5.1,0.7,0.2
"Farmworkers and laborers, crop, nursery, and greenhouse(1)",45-2092,54.6,26.6,9.6,3.3,5.1,0.7,0.2
"Farmworkers, farm, ranch, and aquacultural animals(1)",45-2093,54.6,26.6,9.6,3.3,5.1,0.7,0.2
"Agricultural workers, all other(1)",45-2099,54.6,26.6,9.6,3.3,5.1,0.7,0.2
Fishing and hunting workers,45-3000,26.6,45.4,16.1,3.6,6.9,1.3,0.1
Forest and conservation workers,45-4011,16.5,18.7,26.9,7.6,22.7,6.6,1
Fallers(1),45-4021,31.2,50.7,10.8,3,3.9,0.5,0.1
Logging equipment operators(1),45-4022,31.2,50.7,10.8,3,3.9,0.5,0.1
Log graders and scalers(1),45-4023,31.2,50.7,10.8,3,3.9,0.5,0.1
"Logging workers, all other(1)",45-4029,31.2,50.7,10.8,3,3.9,0.5,0.1
First-line supervisors of construction trades and extraction workers,47-1011,15.1,41.5,24.3,7.3,10.1,1.6,0.3
Boilermakers,47-2011,13.3,48.8,18,16.4,3.5,0,0
Brickmasons and blockmasons(1),47-2021,38,43.2,12.6,2.9,2.2,0.7,0.4
Stonemasons(1),47-2022,38,43.2,12.6,2.9,2.2,0.7,0.4
Carpenters,47-2031,25.5,42.7,20.1,5.1,5.4,0.9,0.2
Carpet installers(1),47-2041,38.2,39.8,14.5,4.1,3,0.3,0
"Floor layers, except carpet, wood, and hard tiles(1)",47-2042,38.2,39.8,14.5,4.1,3,0.3,0
Floor sanders and finishers(1),47-2043,38.2,39.8,14.5,4.1,3,0.3,0
Tile and marble setters(1),47-2044,38.2,39.8,14.5,4.1,3,0.3,0
Cement masons and concrete finishers(1),47-2051,40,40.6,16.6,1,1.7,0,0.1
Terrazzo workers and finishers(1),47-2053,40,40.6,16.6,1,1.7,0,0.1
Construction laborers,47-2061,34.8,39,15.9,4.3,5,0.7,0.2
"Paving, surfacing, and tamping equipment operators",47-2071,38.9,40.5,16.3,1.7,1.4,0,1.1
Pile-driver operators(1),47-2072,20.3,50.9,20.6,5,2.9,0.2,0
Operating engineers and other construction equipment operators(1),47-2073,20.3,50.9,20.6,5,2.9,0.2,0
Drywall and ceiling tile installers(1),47-2081,44.2,41.2,10.4,2.1,1.9,0.3,0
Tapers(1),47-2082,44.2,41.2,10.4,2.1,1.9,0.3,0
Electricians,47-2111,8,37.8,31.5,14.8,6.8,1,0.1
Glaziers,47-2121,23.3,45.4,22,4.2,3.2,1.8,0.2
"Insulation workers, floor, ceiling, and wall(1)",47-2131,25.2,49,15.5,8.2,1.7,0.3,0
"Insulation workers, mechanical(1)",47-2132,25.2,49,15.5,8.2,1.7,0.3,0
"Painters, construction and maintenance(1)",47-2141,34.5,40.2,15.5,4.2,4.5,0.9,0.2
Paperhangers(1),47-2142,34.5,40.2,15.5,4.2,4.5,0.9,0.2
Pipelayers(1),47-2151,16.1,46.4,25,7.3,4.4,0.6,0.2
"Plumbers, pipefitters, and steamfitters(1)",47-2152,16.1,46.4,25,7.3,4.4,0.6,0.2
Plasterers and stucco masons,47-2161,48.8,36.6,10,1.9,2.5,0.2,0
Reinforcing iron and rebar workers(1),47-2171,38,43.2,12.6,2.9,2.2,0.7,0.4
Roofers,47-2181,47.4,35.3,11.7,1.8,3.3,0.5,0
Sheet metal workers,47-2211,12.8,49.1,23.1,9.1,5.3,0.5,0.1
Structural iron and steel workers,47-2221,12.8,48.5,29.3,6.5,2.1,0.9,0
Solar photovoltaic installers(1),47-2231,24.1,39.2,22.1,7.6,5.1,1.5,0.3
"Helpers--brickmasons, blockmasons, stonemasons, and tile and marble setters(1)",47-3011,29,41.8,16.1,5.2,7.8,0,0
Helpers--carpenters(1),47-3012,29,41.8,16.1,5.2,7.8,0,0
Helpers--electricians(1),47-3013,29,41.8,16.1,5.2,7.8,0,0
"Helpers--painters, paperhangers, plasterers, and stucco masons(1)",47-3014,29,41.8,16.1,5.2,7.8,0,0
"Helpers--pipelayers, plumbers, pipefitters, and steamfitters(1)",47-3015,29,41.8,16.1,5.2,7.8,0,0
Helpers--roofers(1),47-3016,29,41.8,16.1,5.2,7.8,0,0
"Helpers, construction trades, all other(1)",47-3019,29,41.8,16.1,5.2,7.8,0,0
Construction and building inspectors,47-4011,1.4,23.7,32.5,12.4,23.7,5.5,0.8
Elevator installers and repairers,47-4021,2.7,50.4,31.3,9.3,4.4,1.2,0.7
Fence erectors,47-4031,47.7,32.7,14.6,2.2,2.2,0.6,0
Hazardous materials removal workers,47-4041,11.7,36.1,22.4,10.8,15.6,2.9,0.5
Highway maintenance workers,47-4051,13.1,53.9,23.3,6.9,2.6,0.2,0
Rail-track laying and maintenance equipment operators,47-4061,12.3,50.5,29.7,4.8,2.6,0,0
Septic tank servicers and sewer pipe cleaners(1),47-4071,24.1,39.2,22.1,7.6,5.1,1.5,0.3
Segmental pavers(1),47-4091,24.1,39.2,22.1,7.6,5.1,1.5,0.3
"Construction and related workers, all other(1)",47-4099,24.1,39.2,22.1,7.6,5.1,1.5,0.3
"Derrick operators, oil and gas(1)",47-5011,19,48.9,20.8,4.5,5.5,1.4,0
"Rotary drill operators, oil and gas(1)",47-5012,19,48.9,20.8,4.5,5.5,1.4,0
"Service unit operators, oil, gas, and mining(1)",47-5013,19,48.9,20.8,4.5,5.5,1.4,0
"Earth drillers, except oil and gas",47-5021,22.4,50.9,15.2,4.5,5.8,1.3,0
"Explosives workers, ordnance handling experts, and blasters",47-5031,12.9,37.7,18.6,7,22.7,1.1,0
Continuous mining machine operators(1),47-5041,13.5,50.6,26.6,3.9,4.1,1.3,0
Mine cutting and channeling machine operators(1),47-5042,13.5,50.6,26.6,3.9,4.1,1.3,0
"Mining machine operators, all other(1)",47-5049,13.5,50.6,26.6,3.9,4.1,1.3,0
"Rock splitters, quarry(1)",47-5051,16.6,47.9,19.2,6.5,9.6,0.2,0
"Roof bolters, mining(1)",47-5061,16.6,47.9,19.2,6.5,9.6,0.2,0
"Roustabouts, oil and gas(1)",47-5071,19,48.9,20.8,4.5,5.5,1.4,0
Helpers--extraction workers(1),47-5081,16.6,47.9,19.2,6.5,9.6,0.2,0
"Extraction workers, all other(1)",47-5099,16.6,47.9,19.2,6.5,9.6,0.2,0
"First-line supervisors of mechanics, installers, and repairers",49-1011,8.7,34.1,29.9,12.6,12.5,1.8,0.3
"Computer, automated teller, and office machine repairers",49-2011,1.8,16.1,35.5,19.6,23.1,3.2,0.8
"Radio, cellular, and tower equipment installers and repairs(1)",49-2021,3.9,28.5,36.2,15.6,14.1,1.3,0.3
"Telecommunications equipment installers and repairers, except line installers(1)",49-2022,3.9,28.5,36.2,15.6,14.1,1.3,0.3
Avionics technicians,49-2091,2.4,18.3,34.3,27.8,12.8,2,2.3
"Electric motor, power tool, and related repairers",49-2092,6.5,37.3,31.6,15.5,6.6,2.5,0
"Electrical and electronics installers and repairers, transportation equipment(1)",49-2093,2.8,28.2,25.5,24.9,14,4.6,0
"Electrical and electronics repairers, commercial and industrial equipment(1)",49-2094,2.8,28.2,25.5,24.9,14,4.6,0
"Electrical and electronics repairers, powerhouse, substation, and relay(1)",49-2095,2.8,28.2,25.5,24.9,14,4.6,0
"Electronic equipment installers and repairers, motor vehicles",49-2096,4.1,48.6,25.1,15.5,5,1,0.7
Electronic home entertainment equipment installers and repairers,49-2097,11.2,35.4,31.3,11,9.1,1.3,0.7
Security and fire alarm systems installers,49-2098,9.8,39.2,28.2,14.1,7.6,0.9,0.2
Aircraft mechanics and service technicians,49-3011,2.2,24,39.9,22.9,9.2,1.5,0.3
Automotive body and related repairers,49-3021,22.8,48.8,17.7,8.4,2.3,0,0
Automotive glass installers and repairers,49-3022,15.2,55.5,24.4,2.6,0.8,1.6,0
Automotive service technicians and mechanics,49-3023,16.6,44.6,22.7,12.1,3.6,0.3,0.1
Bus and truck mechanics and diesel engine specialists,49-3031,13.1,47.8,22.3,13.1,2.9,0.8,0
Farm equipment mechanics and service technicians(1),49-3041,13.8,42.7,27.1,11,4.5,0.5,0.5
"Mobile heavy equipment mechanics, except engines(1)",49-3042,13.8,42.7,27.1,11,4.5,0.5,0.5
Rail car repairers(1),49-3043,13.8,42.7,27.1,11,4.5,0.5,0.5
Motorboat mechanics and service technicians(1),49-3051,19.3,40.6,26.4,7.8,4.1,1.3,0.4
Motorcycle mechanics(1),49-3052,19.3,40.6,26.4,7.8,4.1,1.3,0.4
Outdoor power equipment and other small engine mechanics(1),49-3053,19.3,40.6,26.4,7.8,4.1,1.3,0.4
Bicycle repairers(1),49-3091,25,43,20.5,4.8,5.9,0.7,0.1
Recreational vehicle service technicians(1),49-3092,25,43,20.5,4.8,5.9,0.7,0.1
Tire repairers and changers(1),49-3093,25,43,20.5,4.8,5.9,0.7,0.1
Mechanical door repairers(1),49-9011,5,43.4,35.4,10.9,4.6,0.7,0
"Control and valve installers and repairers, except mechanical door(1)",49-9012,5,43.4,35.4,10.9,4.6,0.7,0
"Heating, air conditioning, and refrigeration mechanics and installers",49-9021,10.5,42.1,27.7,13.2,5.5,0.7,0.4
Home appliance repairers,49-9031,13.8,37.4,31.9,11.2,4.4,1.3,0
Industrial machinery mechanics(1),49-9041,10.4,41,27.1,14.4,6.1,0.8,0.1
"Maintenance workers, machinery",49-9043,8.8,46.8,26.6,15,2.3,0.5,0
Millwrights,49-9044,9.1,41.6,31.8,14.7,2.1,0.8,0
"Refractory materials repairers, except brickmasons(1)",49-9045,10.4,41,27.1,14.4,6.1,0.8,0.1
Electrical power-line installers and repairers,49-9051,6.6,38.3,33.4,15.5,5,0.9,0.3
Telecommunications line installers and repairers,49-9052,7,36.4,33.5,12.9,8.6,1.5,0.2
Camera and photographic equipment repairers(1),49-9061,4.8,24.3,28.7,18.8,19,4,0.4
Medical equipment repairers(1),49-9062,4.8,24.3,28.7,18.8,19,4,0.4
Musical instrument repairers and tuners(1),49-9063,4.8,24.3,28.7,18.8,19,4,0.4
Watch repairers(1),49-9064,4.8,24.3,28.7,18.8,19,4,0.4
"Precision instrument and equipment repairers, all other(1)",49-9069,4.8,24.3,28.7,18.8,19,4,0.4
"Maintenance and repair workers, general",49-9071,12.4,42.7,26.5,11.4,6.1,0.7,0.1
Wind turbine service technicians(1),49-9081,12.8,39.2,26.5,10.2,9.5,1.6,0.2
"Coin, vending, and amusement machine servicers and repairers",49-9091,10.2,40,27.2,13.2,7.7,1.7,0
Commercial divers(1),49-9092,12.8,39.2,26.5,10.2,9.5,1.6,0.2
"Fabric menders, except garment(1)",49-9093,12.8,39.2,26.5,10.2,9.5,1.6,0.2
Locksmiths and safe repairers,49-9094,8,47.6,28,10.2,4,1.6,0.7
Manufactured building and mobile home installers(1),49-9095,12.8,39.2,26.5,10.2,9.5,1.6,0.2
Riggers,49-9096,15.2,52.4,18.6,11.7,1.4,0.7,0
Signal and track switch repairers(1),49-9097,12.8,39.2,26.5,10.2,9.5,1.6,0.2
"Helpers--installation, maintenance, and repair workers",49-9098,33.9,37.8,12.1,4.5,8.9,2.8,0
"Installation, maintenance, and repair workers, all other(1)",49-9099,12.8,39.2,26.5,10.2,9.5,1.6,0.2
First-line supervisors of production and operating workers,51-1011,10.1,38.3,25.9,8.6,13.5,3,0.5
"Aircraft structure, surfaces, rigging, and systems assemblers",51-2011,15.4,42.3,22.1,10.4,9.8,0,0
"Coil winders, tapers, and finishers(1)",51-2021,19,45.4,22.4,6.9,4.9,1.1,0.2
Electrical and electronic equipment assemblers(1),51-2022,19,45.4,22.4,6.9,4.9,1.1,0.2
Electromechanical equipment assemblers(1),51-2023,19,45.4,22.4,6.9,4.9,1.1,0.2
Engine and other machine assemblers,51-2031,16.3,45,20.6,7.9,10.2,0,0
Structural metal fabricators and fitters,51-2041,12.3,52.3,22,6.8,6.1,0,0.6
Fiberglass laminators and fabricators(1),51-2091,18.1,46.5,22.5,6.3,5.4,1,0.2
Team assemblers(1),51-2092,18.1,46.5,22.5,6.3,5.4,1,0.2
Timing device assemblers and adjusters(1),51-2093,18.1,46.5,22.5,6.3,5.4,1,0.2
"Assemblers and fabricators, all other(1)",51-2099,18.1,46.5,22.5,6.3,5.4,1,0.2
Bakers,51-3011,19.9,40,20,9.3,9.5,0.8,0.3
Butchers and meat cutters(1),51-3021,35.7,37.8,17.6,5,3.4,0.5,0.1
"Meat, poultry, and fish cutters and trimmers(1)",51-3022,35.7,37.8,17.6,5,3.4,0.5,0.1
Slaughterers and meat packers(1),51-3023,35.7,37.8,17.6,5,3.4,0.5,0.1
"Food and tobacco roasting, baking, and drying machine operators and tenders",51-3091,20.7,38.3,16.4,6.6,18.1,0,0
Food batchmakers,51-3092,21.8,44.2,16,9.9,6.8,0.9,0.3
Food cooking machine operators and tenders,51-3093,29.1,44.9,15.6,5.3,5.1,0,0
"Food processing workers, all other",51-3099,28.8,42.1,19.4,4,4.3,0.5,0.8
"Computer-controlled machine tool operators, metal and plastic(1)",51-4011,7.6,42,31.5,11.4,5.7,1.3,0.5
"Computer numerically controlled machine tool programmers, metal and plastic(1)",51-4012,7.6,42,31.5,11.4,5.7,1.3,0.5
"Extruding and drawing machine setters, operators, and tenders, metal and plastic",51-4021,6.4,49.2,32,7.6,3.8,1,0
"Forging machine setters, operators, and tenders, metal and plastic",51-4022,16,64.1,16.5,1.7,1.7,0,0
"Rolling machine setters, operators, and tenders, metal and plastic",51-4023,9.7,57.2,28.6,1.4,1.7,1.2,0
"Cutting, punching, and press machine setters, operators, and tenders, metal and plastic(1)",51-4031,22.1,49.4,19.2,4.7,4.1,0.5,0
"Drilling and boring machine tool setters, operators, and tenders, metal and plastic(1)",51-4032,22.1,49.4,19.2,4.7,4.1,0.5,0
"Grinding, lapping, polishing, and buffing machine tool setters, operators, and tenders, metal and plastic(1)",51-4033,22.1,49.4,19.2,4.7,4.1,0.5,0
"Lathe and turning machine tool setters, operators, and tenders, metal and plastic(1)",51-4034,22.1,49.4,19.2,4.7,4.1,0.5,0
"Milling and planing machine setters, operators, and tenders, metal and plastic(1)",51-4035,22.1,49.4,19.2,4.7,4.1,0.5,0
Machinists,51-4041,10.3,44.4,28.3,12,4.7,0.2,0.1
Metal-refining furnace operators and tenders(1),51-4051,15.6,57.1,22.4,3.9,0.8,0,0.2
"Pourers and casters, metal(1)",51-4052,15.6,57.1,22.4,3.9,0.8,0,0.2
"Model makers, metal and plastic(1)",51-4061,18.4,48.1,20.8,7.7,4.5,0.5,0
"Patternmakers, metal and plastic(1)",51-4062,18.4,48.1,20.8,7.7,4.5,0.5,0
Foundry mold and coremakers(1),51-4071,18.4,48.1,20.8,7.7,4.5,0.5,0
"Molding, coremaking, and casting machine setters, operators, and tenders, metal and plastic(1)",51-4072,18.4,48.1,20.8,7.7,4.5,0.5,0
"Multiple machine tool setters, operators, and tenders, metal and plastic(1)",51-4081,19.8,47.9,21,6,4.4,0.6,0.3
Tool and die makers,51-4111,5.8,42.7,31.7,16.6,3,0.2,0
"Welders, cutters, solderers, and brazers(1)",51-4121,19,47.2,23,7.8,2.8,0.2,0
"Welding, soldering, and brazing machine setters, operators, and tenders(1)",51-4122,19,47.2,23,7.8,2.8,0.2,0
"Heat treating equipment setters, operators, and tenders, metal and plastic(1)",51-4191,19.8,47.9,21,6,4.4,0.6,0.3
"Layout workers, metal and plastic(1)",51-4192,19.8,47.9,21,6,4.4,0.6,0.3
"Plating and coating machine setters, operators, and tenders, metal and plastic(1)",51-4193,19.8,47.9,21,6,4.4,0.6,0.3
"Tool grinders, filers, and sharpeners(1)",51-4194,19.8,47.9,21,6,4.4,0.6,0.3
"Metal workers and plastic workers, all other(1)",51-4199,19.8,47.9,21,6,4.4,0.6,0.3
Prepress technicians and workers,51-5111,12.1,30.8,26.3,12.2,13.7,4.1,0.7
Printing press operators,51-5112,11.3,48.2,24.9,7.1,8.1,0.3,0.1
Print binding and finishing workers,51-5113,12.1,48.3,21.9,13,4.6,0,0
Laundry and dry-cleaning workers,51-6011,37.5,42.9,12.3,3.4,3,0.9,0.1
"Pressers, textile, garment, and related materials",51-6021,48,33.4,11.3,2.5,3.5,0.2,1
Sewing machine operators,51-6031,40.5,35.7,13.5,3.4,5.7,1,0.3
Shoe and leather workers and repairers(1),51-6041,31.8,39,21.8,1.5,2.1,3.8,0
Shoe machine operators and tenders(1),51-6042,31.8,39,21.8,1.5,2.1,3.8,0
"Sewers, hand(1)",51-6051,24.5,27.7,21.4,10.3,13.8,2,0.3
"Tailors, dressmakers, and custom sewers(1)",51-6052,24.5,27.7,21.4,10.3,13.8,2,0.3
Textile bleaching and dyeing machine operators and tenders(1),51-6061,25.5,47.5,14.3,0.8,10.3,1.5,0
"Textile cutting machine setters, operators, and tenders(1)",51-6062,25.5,47.5,14.3,0.8,10.3,1.5,0
"Textile knitting and weaving machine setters, operators, and tenders",51-6063,31.4,41,9.5,9.6,4.2,2,2.2
"Textile winding, twisting, and drawing out machine setters, operators, and tenders",51-6064,34.4,47,8.2,6.7,3.7,0,0
"Extruding and forming machine setters, operators, and tenders, synthetic and glass fibers(1)",51-6091,26.4,37.7,18,6.3,10,1.5,0
Fabric and apparel patternmakers(1),51-6092,26.4,37.7,18,6.3,10,1.5,0
Upholsterers,51-6093,27.6,45.3,15.1,8.7,1.6,1.7,0
"Textile, apparel, and furnishings workers, all other(1)",51-6099,26.4,37.7,18,6.3,10,1.5,0
Cabinetmakers and bench carpenters,51-7011,18.1,48.1,19.8,6.4,6.4,1.1,0
Furniture finishers,51-7021,22.2,33.1,14.3,14.6,13.9,1.9,0
"Model makers, wood(1)",51-7031,14.8,44.2,19.2,6.8,11.9,2.5,0.6
"Patternmakers, wood(1)",51-7032,14.8,44.2,19.2,6.8,11.9,2.5,0.6
"Sawing machine setters, operators, and tenders, wood",51-7041,32.6,48.5,11.2,2.9,3.9,0.5,0.3
"Woodworking machine setters, operators, and tenders, except sawing",51-7042,28.5,52.9,12.4,2,3.3,0.9,0
"Woodworkers, all other(1)",51-7099,14.8,44.2,19.2,6.8,11.9,2.5,0.6
Nuclear power reactor operators(1),51-8011,1.1,28.4,31.6,17.5,17.9,2.8,0.6
Power distributors and dispatchers(1),51-8012,1.1,28.4,31.6,17.5,17.9,2.8,0.6
Power plant operators(1),51-8013,1.1,28.4,31.6,17.5,17.9,2.8,0.6
Stationary engineers and boiler operators,51-8021,7.7,40.3,27.6,11.3,10.6,1.9,0.7
Water and wastewater treatment plant and system operators,51-8031,3.9,41.8,30.5,10.7,10.6,2.2,0.3
Chemical plant and system operators(1),51-8091,6.9,44.6,27.9,13.6,5.8,1.1,0.2
Gas plant operators(1),51-8092,6.9,44.6,27.9,13.6,5.8,1.1,0.2
"Petroleum pump system operators, refinery operators, and gaugers(1)",51-8093,6.9,44.6,27.9,13.6,5.8,1.1,0.2
"Plant and system operators, all other(1)",51-8099,6.9,44.6,27.9,13.6,5.8,1.1,0.2
Chemical equipment operators and tenders(1),51-9011,7.3,33.1,28.7,6.8,20.2,3.5,0.5
"Separating, filtering, clarifying, precipitating, and still machine setters, operators, and tenders(1)",51-9012,7.3,33.1,28.7,6.8,20.2,3.5,0.5
"Crushing, grinding, and polishing machine setters, operators, and tenders(1)",51-9021,17.1,49.3,21.5,5.2,6.2,0.6,0
"Grinding and polishing workers, hand(1)",51-9022,17.1,49.3,21.5,5.2,6.2,0.6,0
"Mixing and blending machine setters, operators, and tenders(1)",51-9023,17.1,49.3,21.5,5.2,6.2,0.6,0
"Cutters and trimmers, hand(1)",51-9031,32.7,43.9,16,4.3,2.2,0.8,0
"Cutting and slicing machine setters, operators, and tenders(1)",51-9032,32.7,43.9,16,4.3,2.2,0.8,0
"Extruding, forming, pressing, and compacting machine setters, operators, and tenders",51-9041,15.7,58.1,18.2,4.6,2.8,0.6,0
"Furnace, kiln, oven, drier, and kettle operators and tenders",51-9051,12.2,43.3,22.1,7.1,12,2.6,0.7
"Inspectors, testers, sorters, samplers, and weighers",51-9061,10.6,34.7,26.8,11,13.4,3.1,0.5
Jewelers and precious stone and metal workers,51-9071,14.1,25.2,24.3,11.1,19.1,5.2,0.9
Dental laboratory technicians(1),51-9081,4.9,29.2,33.2,18.4,11.9,1.4,1
Medical appliance technicians(1),51-9082,4.9,29.2,33.2,18.4,11.9,1.4,1
Ophthalmic laboratory technicians(1),51-9083,4.9,29.2,33.2,18.4,11.9,1.4,1
Packaging and filling machine operators and tenders,51-9111,33.5,40.1,16.6,4.2,4.8,0.5,0.2
"Coating, painting, and spraying machine setters, operators, and tenders(1)",51-9121,24.3,49.4,18.5,4.3,3,0.3,0.2
"Painters, transportation equipment(1)",51-9122,24.3,49.4,18.5,4.3,3,0.3,0.2
"Painting, coating, and decorating workers(1)",51-9123,24.3,49.4,18.5,4.3,3,0.3,0.2
Semiconductor processors(1),51-9141,19,47.2,19.7,7.2,5.7,1,0.3
Photographic process workers and processing machine operators,51-9151,8.7,21.2,18.7,11.9,33,6.5,0
Adhesive bonding machine operators and tenders,51-9191,21.4,45,23.9,3.6,6.1,0,0
"Cleaning, washing, and metal pickling equipment operators and tenders(1)",51-9192,19,47.2,19.7,7.2,5.7,1,0.3
Cooling and freezing equipment operators and tenders(1),51-9193,19,47.2,19.7,7.2,5.7,1,0.3
Etchers and engravers,51-9194,18.9,29.9,26.2,6.7,14.9,2.4,1
"Molders, shapers, and casters, except metal and plastic",51-9195,19,40.8,21.8,5.2,8.2,3.5,1.6
"Paper goods machine setters, operators, and tenders",51-9196,26.1,49.3,16,6.5,1.3,0.8,0
Tire builders,51-9197,7.4,51.2,29.6,6.4,3.7,0,1.6
Helpers--production workers,51-9198,33.3,44.9,16.3,2.5,2.4,0.3,0.2
"Production workers, all other(1)",51-9199,19,47.2,19.7,7.2,5.7,1,0.3
Aircraft cargo handling supervisors(1),53-1011,8.2,35.4,26.7,10.8,15.9,2.7,0.4
"First-line supervisors of helpers, laborers, and material movers, hand(1)",53-1021,8.2,35.4,26.7,10.8,15.9,2.7,0.4
First-line supervisors of transportation and material-moving machine and vehicle operators(1),53-1031,8.2,35.4,26.7,10.8,15.9,2.7,0.4
"Airline pilots, copilots, and flight engineers(1)",53-2011,0.3,4.4,14.5,7.1,59.2,12.8,1.7
Commercial pilots(1),53-2012,0.3,4.4,14.5,7.1,59.2,12.8,1.7
Air traffic controllers(1),53-2021,0.5,9.3,26,15.3,40.7,8.1,0.1
Airfield operations specialists(1),53-2022,0.5,9.3,26,15.3,40.7,8.1,0.1
Flight attendants,53-2031,0.6,15.6,32.9,10.9,35.3,3.9,0.8
"Ambulance drivers and attendants, except emergency medical technicians",53-3011,11.8,51.6,20.2,6.7,6.2,3.5,0
"Bus drivers, transit and intercity(1)",53-3021,9.5,43.5,28.4,8.7,7.8,1.6,0.5
"Bus drivers, school or special client(1)",53-3022,9.5,43.5,28.4,8.7,7.8,1.6,0.5
Driver/sales workers(1),53-3031,16.2,47.5,23.8,6,5.4,0.9,0.2
Heavy and tractor-trailer truck drivers(1),53-3032,16.2,47.5,23.8,6,5.4,0.9,0.2
Light truck or delivery services drivers(1),53-3033,16.2,47.5,23.8,6,5.4,0.9,0.2
Taxi drivers and chauffeurs,53-3041,13.1,32.8,25.7,8.1,15.6,4,0.7
"Motor vehicle operators, all other",53-3099,11.3,44,22.1,5.9,13.1,3.2,0.3
Locomotive engineers(1),53-4011,3.1,34.6,36.3,12.7,12.7,0.7,0.1
Locomotive firers(1),53-4012,3.1,34.6,36.3,12.7,12.7,0.7,0.1
"Rail yard engineers, dinkey operators, and hostlers(1)",53-4013,3.1,34.6,36.3,12.7,12.7,0.7,0.1
"Railroad brake, signal, and switch operators(1)",53-4021,8.7,34.7,29.8,13.9,9.9,1.4,1.5
Railroad conductors and yardmasters,53-4031,4.8,31.5,36.2,11.5,12.4,2.7,0.8
Subway and streetcar operators(1),53-4041,8.7,34.7,29.8,13.9,9.9,1.4,1.5
"Rail transportation workers, all other(1)",53-4099,8.7,34.7,29.8,13.9,9.9,1.4,1.5
Sailors and marine oilers(1),53-5011,13.8,36.4,27.8,5.4,14,2.6,0
"Captains, mates, and pilots of water vessels(1)",53-5021,10.2,28.7,26.1,9.7,18.8,4.9,1.4
Motorboat operators(1),53-5022,10.2,28.7,26.1,9.7,18.8,4.9,1.4
Ship engineers(1),53-5031,13.8,36.4,27.8,5.4,14,2.6,0
Bridge and lock tenders(1),53-6011,8,33.4,37.3,9.5,7.8,3.7,0.2
Parking lot attendants,53-6021,13.9,35,24.7,12.8,10.8,2.8,0
Automotive and watercraft service attendants,53-6031,21.2,39.7,24.2,5.9,7.2,1.4,0.5
Traffic technicians(1),53-6041,8,33.4,37.3,9.5,7.8,3.7,0.2
Transportation inspectors,53-6051,3.5,34.4,32.1,11.8,15.7,2.3,0.2
"Transportation attendants, except flight attendants",53-6061,8.4,42.7,28,7.6,11.7,1.6,0
"Transportation workers, all other(1)",53-6099,8,33.4,37.3,9.5,7.8,3.7,0.2
Conveyor operators and tenders(1),53-7011,18.5,58.2,15.7,2.5,5.1,0,0
Crane and tower operators,53-7021,15.2,51.7,22.7,6.3,3.7,0.4,0
Dredge operators(1),53-7031,17.7,53.9,18.2,4.7,5.6,0,0
Excavating and loading machine and dragline operators(1),53-7032,17.7,53.9,18.2,4.7,5.6,0,0
"Loading machine operators, underground mining(1)",53-7033,17.7,53.9,18.2,4.7,5.6,0,0
Hoist and winch operators(1),53-7041,18.5,58.2,15.7,2.5,5.1,0,0
Industrial truck and tractor operators,53-7051,19.8,52.3,20.4,4.5,2.8,0.3,0
Cleaners of vehicles and equipment,53-7061,30.4,44.5,16.5,4.1,3.6,0.5,0.3
"Laborers and freight, stock, and material movers, hand",53-7062,17.7,47.7,21.9,5.8,5.9,0.8,0.2
Machine feeders and offbearers,53-7063,31.1,41.3,16,6.3,4.6,0.4,0.3
"Packers and packagers, hand",53-7064,34.6,39.2,16.9,4,4.7,0.5,0.2
Gas compressor and gas pumping station operators(1),53-7071,11.9,42,28.6,8.3,8.4,0.7,0
"Pump operators, except wellhead pumpers(1)",53-7072,11.9,42,28.6,8.3,8.4,0.7,0
Wellhead pumpers(1),53-7073,11.9,42,28.6,8.3,8.4,0.7,0
Refuse and recyclable material collectors,53-7081,24.9,49.6,15.5,4.6,5,0.5,0
Mine shuttle car operators(1),53-7111,14.7,48.2,23.6,7,6.5,0,0
"Tank car, truck, and ship loaders(1)",53-7121,14.7,48.2,23.6,7,6.5,0,0
"Material moving workers, all other(1)",53-7199,14.7,48.2,23.6,7,6.5,0,0
Footnotes:,,,,,,,,
(1) Data for this occupation is shared with other occupations; see https://www.bls.gov/emp/classifications-crosswalks/NEM_OccCode_ACS_Crosswalk.xlsx for details,,,,,,,,
"Data Source: 2016 and 2017 American Community Survey Public Use Microdata, U.S. Department of Commerce, U.S. Census Bureau",,,,,,,,
"Table Source: Employment Projections program, U.S. Bureau of Labor Statistics",,,,,,,,
